incident_id,scenario,label,ml_probability,risk_score,risk_class,rule_contrib,ml_contrib,vlm_contrib,av_contrib,signature_contrib,capped
INC-0001,benign_browsing,benign,0.0211,0,Normal,0,1,0,0,-30,False
INC-0002,benign_browsing,benign,0.0211,0,Normal,0,1,0,0,-30,False
INC-0003,benign_browsing,benign,0.0211,0,Normal,0,1,0,0,-30,False
INC-0004,benign_browsing,benign,0.0211,0,Normal,0,1,0,0,-30,False
INC-0005,benign_browsing,benign,0.0211,0,Normal,0,1,0,0,-30,False
INC-0006,benign_browsing,benign,0.0211,0,Normal,0,1,0,0,-30,False
INC-0007,benign_browsing,benign,0.0211,0,Normal,0,1,0,0,-30,False
INC-0008,benign_browsing,benign,0.0211,0,Normal,0,1,0,0,-30,False
INC-0009,benign_office,benign,0.0197,0,Normal,0,1,0,0,-30,False
INC-0010,benign_office,benign,0.0197,0,Normal,0,1,0,0,-30,False
INC-0011,benign_office,benign,0.0197,0,Normal,0,1,0,0,-30,False
INC-0012,benign_office,benign,0.0197,0,Normal,0,1,0,0,-30,False
INC-0013,benign_office,benign,0.0197,0,Normal,0,1,0,0,-30,False
INC-0014,benign_office,benign,0.0197,0,Normal,0,1,0,0,-30,False
INC-0015,benign_office,benign,0.0197,0,Normal,0,1,0,0,-30,False
INC-0016,benign_office,benign,0.0197,0,Normal,0,1,0,0,-30,False
INC-0045,benign_admin_script,benign,0.0184,0,Normal,0,1,0,0,-30,False
INC-0046,benign_admin_script,benign,0.0184,0,Normal,0,1,0,0,-30,False
INC-0047,benign_admin_script,benign,0.0184,0,Normal,0,1,0,0,-30,False
INC-0048,benign_admin_script,benign,0.0184,0,Normal,0,1,0,0,-30,False
INC-0049,benign_admin_script,benign,0.0184,0,Normal,0,1,0,0,-30,False
INC-0050,benign_admin_script,benign,0.0184,0,Normal,0,1,0,0,-30,False
INC-0063,benign_browser_self_access,benign,0.0876,0,Normal,0,4,0,0,-30,False
INC-0064,benign_browser_self_access,benign,0.0876,0,Normal,0,4,0,0,-30,False
INC-0065,benign_browser_self_access,benign,0.0876,0,Normal,0,4,0,0,-30,False
INC-0066,benign_browser_self_access,benign,0.0876,0,Normal,0,4,0,0,-30,False
INC-0067,benign_browser_self_access,benign,0.0876,0,Normal,0,4,0,0,-30,False
INC-0068,benign_browser_self_access,benign,0.0876,0,Normal,0,4,0,0,-30,False
INC-0081,ambiguous_portable_app,benign,0.0412,17,Normal,15,2,0,0,0,False
INC-0082,ambiguous_portable_app,benign,0.0412,17,Normal,15,2,0,0,0,False
INC-0083,ambiguous_portable_app,benign,0.0412,17,Normal,15,2,0,0,0,False
INC-0084,ambiguous_portable_app,benign,0.0412,17,Normal,15,2,0,0,0,False
INC-0085,ambiguous_portable_app,benign,0.0412,17,Normal,15,2,0,0,0,False
INC-0086,ambiguous_portable_app,benign,0.0412,17,Normal,15,2,0,0,0,False
INC-0093,suspicious_hidden_script,suspicious,0.191,34,Observe,25,9,0,0,0,False
INC-0094,suspicious_hidden_script,suspicious,0.191,34,Observe,25,9,0,0,0,False
INC-0095,suspicious_hidden_script,suspicious,0.191,34,Observe,25,9,0,0,0,False
INC-0096,suspicious_hidden_script,suspicious,0.191,34,Observe,25,9,0,0,0,False
INC-0097,suspicious_hidden_script,suspicious,0.191,34,Observe,25,9,0,0,0,False
INC-0098,suspicious_hidden_script,suspicious,0.191,34,Observe,25,9,0,0,0,False
INC-0142,malicious_browser_extension_hijack,malicious,0.7434,63,High,30,33,0,0,0,False
INC-0143,malicious_browser_extension_hijack,malicious,0.7434,63,High,30,33,0,0,0,False
INC-0144,malicious_browser_extension_hijack,malicious,0.7434,63,High,30,33,0,0,0,False
INC-0145,malicious_browser_extension_hijack,malicious,0.7434,63,High,30,33,0,0,0,False
INC-0146,malicious_browser_extension_hijack,malicious,0.7434,63,High,30,33,0,0,0,False
INC-0147,malicious_browser_extension_hijack,malicious,0.7434,63,High,30,33,0,0,0,False
INC-0148,malicious_browser_extension_hijack,malicious,0.7434,63,High,30,33,0,0,0,False
INC-0149,malicious_obfuscated_loader,malicious,0.9967,100,Critical,60,45,0,0,0,False
INC-0150,malicious_obfuscated_loader,malicious,0.9967,100,Critical,60,45,0,0,0,False
INC-0151,malicious_obfuscated_loader,malicious,0.9967,100,Critical,60,45,0,0,0,False
INC-0152,malicious_obfuscated_loader,malicious,0.9967,100,Critical,60,45,0,0,0,False
INC-0153,malicious_obfuscated_loader,malicious,0.9967,100,Critical,60,45,0,0,0,False
INC-0154,malicious_obfuscated_loader,malicious,0.9967,100,Critical,60,45,0,0,0,False
INC-0155,malicious_obfuscated_loader,malicious,0.9967,100,Critical,60,45,0,0,0,False
INC-0156,malicious_signed_lolbin_loader,malicious,0.7741,75,High,40,35,0,0,0,False
INC-0157,malicious_signed_lolbin_loader,malicious,0.7741,75,High,40,35,0,0,0,False
INC-0158,malicious_signed_lolbin_loader,malicious,0.7741,75,High,40,35,0,0,0,False
INC-0159,malicious_signed_lolbin_loader,malicious,0.7741,75,High,40,35,0,0,0,False
INC-0160,malicious_signed_lolbin_loader,malicious,0.7741,75,High,40,35,0,0,0,False
INC-0161,malicious_signed_lolbin_loader,malicious,0.7741,75,High,40,35,0,0,0,False
INC-0162,malicious_signed_lolbin_loader,malicious,0.7741,75,High,40,35,0,0,0,False
