label,scenario,test,train
benign,ambiguous_custom_script,0,6
benign,ambiguous_portable_app,6,0
benign,ambiguous_unsigned_temp_tool,0,6
benign,benign_admin_script,6,0
benign,benign_backup,0,6
benign,benign_browser_self_access,6,0
benign,benign_browsing,8,0
benign,benign_conferencing,0,6
benign,benign_dev,0,8
benign,benign_encoded_admin_tool,0,6
benign,benign_media,0,6
benign,benign_office,8,0
benign,benign_signed_installer_temp,0,6
benign,benign_update,0,8
malicious,malicious_browser_extension_hijack,7,0
malicious,malicious_clickfix_staged_stealer,0,8
malicious,malicious_credential_phishing_theft,0,8
malicious,malicious_encoded_only_loader,0,7
malicious,malicious_obfuscated_loader,7,0
malicious,malicious_persistence_loader,0,8
malicious,malicious_remote_access_loader,0,7
malicious,malicious_signed_lolbin_loader,7,0
suspicious,suspicious_encoded_command,0,6
suspicious,suspicious_hidden_script,6,0
suspicious,suspicious_lolbin_recon,0,6
